"","sequence","pos","mut_type","count_rep1_no.sele","count_rep2_no.sele","count_rep3_no.sele","count_rep1_30","count_rep2_30","count_rep3_30","count_rep1_30.MTX","count_rep2_30.MTX","count_rep3_30.MTX","count_rep1_37","count_rep2_37","count_rep3_37","count_rep1_37.MTX","count_rep2_37.MTX","count_rep3_37.MTX"
"1","VLSRELKEPPQGAHFLSRSLDDALKLTEQPELANKVDMVW",0,"wt",7351,6989,9772,25168,17942,29793,43472,68159,38283,NA,35319,11696,37659,24977,56423
"2","*LSRELKEPPQGAHFLSRSLDDALKLTEQPELANKVDMVW",1,"stop",1342,1231,1681,239,222,420,271,200,314,NA,184,69,212,150,311
"3","LSRELKEPPQGAHFLSRSLDDALKLTEQPELANKVDMVW",1,"del",1332,1177,1629,194,165,393,230,125,233,NA,133,47,136,94,182
"4","VGLSRELKEPPQGAHFLSRSLDDALKLTEQPELANKVDMVW",1,"ins",1219,1077,1446,190,182,307,285,178,233,NA,119,46,134,80,193
"5","VLSRELKEPPQGAHFLSRSLDDALKLTEQPELANKVDMVW",1,"syn",1192,1092,1554,4925,3438,5811,8635,4318,7620,NA,6900,2243,7366,4838,10880
"6","VLSRELKEPPQGAHFLSRSLDDALKLTEQPELANKVDMVW",2,"syn",1690,1629,2160,6638,4802,8101,11572,5968,10392,NA,10020,3160,10427,6775,14956
"7","VSRELKEPPQGAHFLSRSLDDALKLTEQPELANKVDMVW",2,"del",2035,1862,2663,286,304,487,346,299,316,NA,195,77,206,142,283
"8","VLGSRELKEPPQGAHFLSRSLDDALKLTEQPELANKVDMVW",2,"ins",1993,1878,2509,302,289,598,420,225,422,NA,174,85,215,157,300
"9","V*SRELKEPPQGAHFLSRSLDDALKLTEQPELANKVDMVW",2,"stop",1822,1760,2408,385,367,607,492,329,457,NA,225,92,316,213,402
"10","VLRELKEPPQGAHFLSRSLDDALKLTEQPELANKVDMVW",3,"del",1658,1595,2266,270,202,430,336,227,326,NA,142,57,176,115,217
"11","VLSGRELKEPPQGAHFLSRSLDDALKLTEQPELANKVDMVW",3,"ins",1784,1641,2311,428,397,656,873,507,897,NA,158,54,564,355,686
"12","VL*RELKEPPQGAHFLSRSLDDALKLTEQPELANKVDMVW",3,"stop",1581,1540,2067,304,282,392,335,260,354,NA,284,82,244,179,326
"13","VLSRELKEPPQGAHFLSRSLDDALKLTEQPELANKVDMVW",3,"syn",1633,1574,2086,6792,4813,8024,12302,6071,10338,NA,9997,3243,10605,6838,15460
"14","VLS*ELKEPPQGAHFLSRSLDDALKLTEQPELANKVDMVW",4,"stop",1358,1329,1798,303,246,410,348,252,310,NA,212,53,241,141,302
"15","VLSRELKEPPQGAHFLSRSLDDALKLTEQPELANKVDMVW",4,"syn",1422,1294,1771,5436,3777,6160,9904,4742,8305,NA,7910,2436,8255,5363,12096
"16","VLSRGELKEPPQGAHFLSRSLDDALKLTEQPELANKVDMVW",4,"ins",1171,1129,1568,798,560,971,1710,853,1451,NA,171,51,944,667,1373
"17","VLSELKEPPQGAHFLSRSLDDALKLTEQPELANKVDMVW",4,"del",1290,1213,1712,182,213,310,218,156,243,NA,129,61,141,105,177
"18","VLSRELKEPPQGAHFLSRSLDDALKLTEQPELANKVDMVW",5,"syn",1903,1705,2491,7243,4939,8583,12890,6204,10734,NA,10146,3272,10805,6930,15895
"19","VLSREGLKEPPQGAHFLSRSLDDALKLTEQPELANKVDMVW",5,"ins",1598,1483,2036,990,819,1379,2185,1216,2015,NA,153,54,1428,936,2065
"20","VLSRLKEPPQGAHFLSRSLDDALKLTEQPELANKVDMVW",5,"del",1790,1657,2324,274,274,457,306,274,324,NA,158,53,208,105,240
"21","VLSR*LKEPPQGAHFLSRSLDDALKLTEQPELANKVDMVW",5,"stop",1830,1805,2409,392,299,532,474,333,456,NA,313,79,328,201,459
"22","VLSRELGKEPPQGAHFLSRSLDDALKLTEQPELANKVDMVW",6,"ins",1553,1435,2003,362,374,700,971,557,916,NA,160,45,516,354,673
"23","VLSREKEPPQGAHFLSRSLDDALKLTEQPELANKVDMVW",6,"del",1398,1205,1788,225,209,334,369,283,376,NA,132,33,221,175,291
"24","VLSRE*KEPPQGAHFLSRSLDDALKLTEQPELANKVDMVW",6,"stop",1776,1706,2265,346,303,509,442,295,430,NA,255,86,333,192,424
"25","VLSRELKEPPQGAHFLSRSLDDALKLTEQPELANKVDMVW",6,"syn",1335,1337,1694,5430,3836,6448,10063,4838,8375,NA,7984,2515,8344,5550,12336
"26","VLSRELEPPQGAHFLSRSLDDALKLTEQPELANKVDMVW",7,"del",1655,1461,2128,225,265,383,359,194,318,NA,133,44,188,123,233
"27","VLSRELKGEPPQGAHFLSRSLDDALKLTEQPELANKVDMVW",7,"ins",1454,1347,1937,557,434,767,985,543,968,NA,154,46,643,395,875
"28","VLSREL*EPPQGAHFLSRSLDDALKLTEQPELANKVDMVW",7,"stop",1573,1458,2034,278,261,500,298,233,351,NA,177,78,242,169,367
"29","VLSRELKEPPQGAHFLSRSLDDALKLTEQPELANKVDMVW",7,"syn",1473,1431,2052,6104,4364,7272,10811,5387,9308,NA,9002,2841,9450,6099,13738
"30","VLSRELKEPPQGAHFLSRSLDDALKLTEQPELANKVDMVW",8,"syn",1446,1325,1930,5601,4072,6483,10163,5090,9003,NA,8415,2723,8717,5605,12713
"31","VLSRELKPPQGAHFLSRSLDDALKLTEQPELANKVDMVW",8,"del",2001,1853,2542,278,268,441,434,223,367,NA,144,51,209,135,263
"32","VLSRELK*PPQGAHFLSRSLDDALKLTEQPELANKVDMVW",8,"stop",1901,1742,2334,380,309,636,474,302,436,NA,264,92,326,205,427
"33","VLSRELKEGPPQGAHFLSRSLDDALKLTEQPELANKVDMVW",8,"ins",1964,1947,2610,370,322,756,774,468,635,NA,184,77,459,319,669
"34","VLSRELKEPPQGAHFLSRSLDDALKLTEQPELANKVDMVW",9,"syn",2157,1962,2629,8311,5818,9801,14739,7496,12819,NA,12184,3903,12865,8312,18948
"35","VLSRELKE*PQGAHFLSRSLDDALKLTEQPELANKVDMVW",9,"stop",1838,1679,2441,339,361,529,453,298,426,NA,274,86,305,177,420
"36","VLSRELKEPQGAHFLSRSLDDALKLTEQPELANKVDMVW",9,"del",3014,2844,4007,407,487,699,587,448,606,NA,252,110,383,263,554
"37","VLSRELKEPGPQGAHFLSRSLDDALKLTEQPELANKVDMVW",9,"ins",2192,1992,2717,342,321,558,390,292,414,NA,201,67,296,184,290
"38","VLSRELKEPPGQGAHFLSRSLDDALKLTEQPELANKVDMVW",10,"ins",1991,1923,2668,312,270,576,450,284,402,NA,182,65,240,128,310
"39","VLSRELKEP*QGAHFLSRSLDDALKLTEQPELANKVDMVW",10,"stop",1640,1634,2171,349,281,563,371,257,408,NA,266,87,293,185,367
"40","VLSRELKEPPQGAHFLSRSLDDALKLTEQPELANKVDMVW",10,"syn",1508,1417,1936,5833,4138,6984,9903,5157,8800,NA,8553,2770,8815,5811,13176
"41","VLSRELKEPPGAHFLSRSLDDALKLTEQPELANKVDMVW",11,"del",1949,1748,2510,274,285,444,288,246,306,NA,153,45,235,122,263
"42","VLSRELKEPP*GAHFLSRSLDDALKLTEQPELANKVDMVW",11,"stop",1875,1737,2396,320,297,548,393,290,403,NA,255,106,271,169,409
"43","VLSRELKEPPQGAHFLSRSLDDALKLTEQPELANKVDMVW",11,"syn",1623,1502,2107,6494,4480,7592,11368,5694,9932,NA,9554,3166,9881,6506,14613
"44","VLSRELKEPPQGAHFLSRSLDDALKLTEQPELANKVDMVW",12,"syn",1159,1161,1624,4812,3424,5710,8466,4272,7250,NA,7108,2300,7346,4841,10872
"45","VLSRELKEPPQ*AHFLSRSLDDALKLTEQPELANKVDMVW",12,"stop",1493,1432,1905,292,270,440,380,248,343,NA,203,67,260,161,325
"46","VLSRELKEPPQGGAHFLSRSLDDALKLTEQPELANKVDMVW",12,"ins",1572,1547,2059,247,236,398,352,201,271,NA,128,61,210,102,253
"47","VLSRELKEPPQAHFLSRSLDDALKLTEQPELANKVDMVW",12,"del",1208,1128,1699,210,143,350,272,138,174,NA,117,30,118,82,184
"48","VLSRELKEPPQGAGHFLSRSLDDALKLTEQPELANKVDMVW",13,"ins",1117,1025,1444,164,155,312,223,132,190,NA,102,24,103,82,160
"49","VLSRELKEPPQG*HFLSRSLDDALKLTEQPELANKVDMVW",13,"stop",1705,1724,2265,314,259,497,346,318,427,NA,206,98,287,144,362
"50","VLSRELKEPPQGAHFLSRSLDDALKLTEQPELANKVDMVW",13,"syn",1357,1243,1675,5348,3777,6333,9192,4661,8012,NA,7616,2484,7984,5244,11893
"51","VLSRELKEPPQGHFLSRSLDDALKLTEQPELANKVDMVW",13,"del",1735,1684,2268,245,253,425,342,209,289,NA,149,68,185,112,239
"52","VLSRELKEPPQGAHGFLSRSLDDALKLTEQPELANKVDMVW",14,"ins",1511,1447,1971,221,192,372,248,153,324,NA,145,59,176,106,239
"53","VLSRELKEPPQGAHFLSRSLDDALKLTEQPELANKVDMVW",14,"syn",1534,1423,1921,5777,4034,7006,10300,5285,8832,NA,8747,2689,8917,5782,13294
"54","VLSRELKEPPQGA*FLSRSLDDALKLTEQPELANKVDMVW",14,"stop",1748,1689,2312,314,281,575,474,276,388,NA,230,79,288,161,339
"55","VLSRELKEPPQGAFLSRSLDDALKLTEQPELANKVDMVW",14,"del",1565,1439,2155,3058,2246,3852,6281,3089,5475,NA,3428,1198,4444,2788,6168
"56","VLSRELKEPPQGAH*LSRSLDDALKLTEQPELANKVDMVW",15,"stop",2057,1860,2697,361,373,649,377,299,445,NA,265,100,306,175,468
"57","VLSRELKEPPQGAHLSRSLDDALKLTEQPELANKVDMVW",15,"del",1886,1772,2566,1253,932,1812,2509,1258,2196,NA,383,126,1426,953,2020
"58","VLSRELKEPPQGAHFLSRSLDDALKLTEQPELANKVDMVW",15,"syn",1853,1721,2425,7290,4910,8478,12347,6470,10857,NA,10698,3451,10928,7137,16156
"59","VLSRELKEPPQGAHFGLSRSLDDALKLTEQPELANKVDMVW",15,"ins",1873,1777,2423,263,256,479,382,248,399,NA,169,70,184,131,288
"60","VLSRELKEPPQGAHFLSRSLDDALKLTEQPELANKVDMVW",16,"syn",1905,1745,2472,7796,5482,9124,13562,7153,11563,NA,11378,3618,11890,7652,17987
"61","VLSRELKEPPQGAHFSRSLDDALKLTEQPELANKVDMVW",16,"del",2238,2100,2854,298,311,539,424,321,377,NA,189,71,237,153,339
"62","VLSRELKEPPQGAHF*SRSLDDALKLTEQPELANKVDMVW",16,"stop",2317,2074,2964,408,394,686,516,356,453,NA,309,91,348,242,497
"63","VLSRELKEPPQGAHFLGSRSLDDALKLTEQPELANKVDMVW",16,"ins",1563,1564,2069,219,200,391,258,194,243,NA,118,43,140,100,230
"64","VLSRELKEPPQGAHFL*RSLDDALKLTEQPELANKVDMVW",17,"stop",1819,1655,2308,328,281,482,380,279,381,NA,205,102,286,176,436
"65","VLSRELKEPPQGAHFLSRSLDDALKLTEQPELANKVDMVW",17,"syn",1671,1595,2327,6794,4834,8374,12100,6277,10440,NA,10113,3316,10552,6735,15474
"66","VLSRELKEPPQGAHFLRSLDDALKLTEQPELANKVDMVW",17,"del",1908,1597,2376,259,236,466,323,236,258,NA,164,38,190,106,258
"67","VLSRELKEPPQGAHFLSGRSLDDALKLTEQPELANKVDMVW",17,"ins",1461,1373,1810,216,198,395,216,157,221,NA,122,38,138,86,213
"68","VLSRELKEPPQGAHFLS*SLDDALKLTEQPELANKVDMVW",18,"stop",1922,1834,2578,350,331,557,452,324,454,NA,269,96,350,197,432
"69","VLSRELKEPPQGAHFLSSLDDALKLTEQPELANKVDMVW",18,"del",1982,1774,2540,338,263,467,311,209,330,NA,178,66,198,119,288
"70","VLSRELKEPPQGAHFLSRSLDDALKLTEQPELANKVDMVW",18,"syn",1769,1624,2323,6682,4752,7976,11929,6233,10431,NA,9718,3317,10331,6718,15289
"71","VLSRELKEPPQGAHFLSRGSLDDALKLTEQPELANKVDMVW",18,"ins",1512,1385,1930,204,185,359,230,172,250,NA,131,49,153,112,217
"72","VLSRELKEPPQGAHFLSRSLDDALKLTEQPELANKVDMVW",19,"syn",1641,1577,2079,6527,4558,7765,11344,5866,9782,NA,9309,2995,9799,6204,14495
"73","VLSRELKEPPQGAHFLSRSGLDDALKLTEQPELANKVDMVW",19,"ins",1232,1078,1450,143,186,271,191,126,171,NA,100,34,113,84,169
"74","VLSRELKEPPQGAHFLSRLDDALKLTEQPELANKVDMVW",19,"del",1756,1610,2304,264,202,407,286,193,318,NA,124,52,178,117,249
"75","VLSRELKEPPQGAHFLSR*LDDALKLTEQPELANKVDMVW",19,"stop",1880,1869,2512,369,281,597,410,336,379,NA,275,87,348,207,464
"76","VLSRELKEPPQGAHFLSRSDDALKLTEQPELANKVDMVW",20,"del",1017,997,1361,119,152,206,132,153,185,NA,87,21,106,62,133
"77","VLSRELKEPPQGAHFLSRS*DDALKLTEQPELANKVDMVW",20,"stop",1007,920,1380,170,187,311,262,160,210,NA,167,44,160,84,195
"78","VLSRELKEPPQGAHFLSRSLGDDALKLTEQPELANKVDMVW",20,"ins",1049,989,1306,206,127,220,175,127,186,NA,90,35,88,79,146
"79","VLSRELKEPPQGAHFLSRSLDDALKLTEQPELANKVDMVW",20,"syn",903,867,1133,3495,2576,4352,6229,3219,5471,NA,5181,1773,5346,3548,8099
"80","VLSRELKEPPQGAHFLSRSLDALKLTEQPELANKVDMVW",21,"del",3135,2740,4020,456,454,749,539,415,579,NA,256,83,320,210,428
"81","VLSRELKEPPQGAHFLSRSLDGDALKLTEQPELANKVDMVW",21,"ins",960,907,1149,151,120,273,146,96,167,NA,73,25,86,52,143
"82","VLSRELKEPPQGAHFLSRSL*DALKLTEQPELANKVDMVW",21,"stop",1512,1426,2010,292,265,549,310,229,328,NA,176,66,244,172,297
"83","VLSRELKEPPQGAHFLSRSLDDALKLTEQPELANKVDMVW",21,"syn",1261,1154,1686,4928,3309,6004,8489,4489,7639,NA,7380,2334,7515,5033,11440
"84","VLSRELKEPPQGAHFLSRSLDDGALKLTEQPELANKVDMVW",22,"ins",1199,1128,1604,143,159,269,213,168,187,NA,105,38,134,82,142
"85","VLSRELKEPPQGAHFLSRSLDDALKLTEQPELANKVDMVW",22,"syn",1293,1151,1733,4831,3594,5803,8404,4393,7554,NA,7031,2319,7207,4742,10790
"86","VLSRELKEPPQGAHFLSRSLD*ALKLTEQPELANKVDMVW",22,"stop",1695,1552,2137,308,271,526,353,286,358,NA,233,91,231,187,329
"87","VLSRELKEPPQGAHFLSRSLDDAGLKLTEQPELANKVDMVW",23,"ins",2417,2226,3028,310,323,534,374,228,377,NA,159,65,232,133,329
"88","VLSRELKEPPQGAHFLSRSLDDLKLTEQPELANKVDMVW",23,"del",2704,2564,3489,393,371,692,487,304,459,NA,221,81,288,184,395
"89","VLSRELKEPPQGAHFLSRSLDD*LKLTEQPELANKVDMVW",23,"stop",2840,2609,3729,582,467,869,660,442,578,NA,371,129,448,267,566
"90","VLSRELKEPPQGAHFLSRSLDDALKLTEQPELANKVDMVW",23,"syn",2616,2540,3437,10741,7479,12581,18975,9544,16159,NA,15544,4976,16221,10436,23902
"91","VLSRELKEPPQGAHFLSRSLDDALKLTEQPELANKVDMVW",24,"syn",2502,2343,3293,9812,6862,11167,16959,8598,15034,NA,14368,4504,15000,9638,21914
"92","VLSRELKEPPQGAHFLSRSLDDA*KLTEQPELANKVDMVW",24,"stop",2219,2113,2836,428,330,573,468,314,472,NA,281,101,267,179,414
"93","VLSRELKEPPQGAHFLSRSLDDALGKLTEQPELANKVDMVW",24,"ins",3022,2755,3869,2325,1731,3132,4519,2237,4195,NA,971,289,3273,2270,4463
"94","VLSRELKEPPQGAHFLSRSLDDAKLTEQPELANKVDMVW",24,"del",3197,2912,4146,475,495,832,531,396,519,NA,295,102,324,227,470
"95","VLSRELKEPPQGAHFLSRSLDDALKGLTEQPELANKVDMVW",25,"ins",3227,3006,4085,1186,984,1754,2067,1240,2102,NA,370,121,1770,1159,2443
"96","VLSRELKEPPQGAHFLSRSLDDALLTEQPELANKVDMVW",25,"del",3905,3583,5088,558,545,1087,684,519,715,NA,327,141,382,294,625
"97","VLSRELKEPPQGAHFLSRSLDDALKLTEQPELANKVDMVW",25,"syn",4420,3996,5589,19130,13406,22937,33709,17127,29409,NA,28415,9112,29206,19153,43727
"98","VLSRELKEPPQGAHFLSRSLDDAL*LTEQPELANKVDMVW",25,"stop",4026,3676,5151,758,639,1202,981,676,989,NA,548,183,715,410,950
"99","VLSRELKEPPQGAHFLSRSLDDALK*TEQPELANKVDMVW",26,"stop",6276,5826,7934,1350,1307,2220,1758,1089,1545,NA,965,333,1153,715,1577
"100","VLSRELKEPPQGAHFLSRSLDDALKLGTEQPELANKVDMVW",26,"ins",6416,5949,7889,2778,2376,4132,4554,2450,4404,NA,950,309,2953,2029,4259
"101","VLSRELKEPPQGAHFLSRSLDDALKLTEQPELANKVDMVW",26,"syn",5576,5275,7171,26348,18705,30640,46806,23665,40700,NA,38865,12478,40242,26341,59776
"102","VLSRELKEPPQGAHFLSRSLDDALKTEQPELANKVDMVW",26,"del",5674,5340,7558,1056,895,1746,1117,789,1047,NA,588,212,699,449,1017
"103","VLSRELKEPPQGAHFLSRSLDDALKLTGEQPELANKVDMVW",27,"ins",5864,5538,7603,6164,4677,7904,12061,6027,11045,NA,4439,1398,8222,5409,11724
"104","VLSRELKEPPQGAHFLSRSLDDALKLTEQPELANKVDMVW",27,"syn",4327,3958,5442,19350,13982,23136,34710,17470,29444,NA,28986,9278,29116,19206,43998
"105","VLSRELKEPPQGAHFLSRSLDDALKLEQPELANKVDMVW",27,"del",6410,5973,8426,1214,1095,2005,1588,1082,1426,NA,645,236,882,615,1372
"106","VLSRELKEPPQGAHFLSRSLDDALKL*EQPELANKVDMVW",27,"stop",6436,6185,8393,1296,1241,2338,1844,1149,1638,NA,991,336,1227,841,1637
"107","VLSRELKEPPQGAHFLSRSLDDALKLTEQPELANKVDMVW",28,"syn",1840,1649,2412,7357,5121,8859,12761,6526,11359,NA,10784,3495,11374,7361,16509
"108","VLSRELKEPPQGAHFLSRSLDDALKLTQPELANKVDMVW",28,"del",1962,1723,2466,348,312,602,558,247,442,NA,199,65,265,175,415
"109","VLSRELKEPPQGAHFLSRSLDDALKLT*QPELANKVDMVW",28,"stop",463,458,660,71,52,90,74,98,87,NA,54,25,71,42,111
"110","VLSRELKEPPQGAHFLSRSLDDALKLTEGQPELANKVDMVW",28,"ins",3534,3527,4673,2575,2080,3570,4994,2637,4694,NA,1130,382,3314,2352,4839
"111","VLSRELKEPPQGAHFLSRSLDDALKLTE*PELANKVDMVW",29,"stop",3167,2797,3922,596,546,1027,794,493,668,NA,420,157,469,311,684
"112","VLSRELKEPPQGAHFLSRSLDDALKLTEPELANKVDMVW",29,"del",2501,2300,3219,389,360,735,580,438,583,NA,232,83,359,232,555
"113","VLSRELKEPPQGAHFLSRSLDDALKLTEQGPELANKVDMVW",29,"ins",5875,5544,7576,4169,3172,5492,7884,4169,7171,NA,1628,574,4911,3360,7002
"114","VLSRELKEPPQGAHFLSRSLDDALKLTEQPELANKVDMVW",29,"syn",2325,2136,2946,8554,6319,10021,15623,7862,13169,NA,12718,4169,13117,8842,19975
"115","VLSRELKEPPQGAHFLSRSLDDALKLTEQPGELANKVDMVW",30,"ins",6218,5972,7958,27764,19076,32330,53879,26964,47893,NA,40483,13176,40118,25583,56505
"116","VLSRELKEPPQGAHFLSRSLDDALKLTEQ*ELANKVDMVW",30,"stop",3508,3195,4588,661,613,1115,882,615,772,NA,509,180,585,392,849
"117","VLSRELKEPPQGAHFLSRSLDDALKLTEQELANKVDMVW",30,"del",3287,3003,4275,12275,8842,14678,22050,11285,19417,NA,18134,5966,19241,12713,28460
"118","VLSRELKEPPQGAHFLSRSLDDALKLTEQPELANKVDMVW",30,"syn",3465,3336,4532,15096,10722,18094,26719,13690,23193,NA,22190,7181,22482,14966,34244
"119","VLSRELKEPPQGAHFLSRSLDDALKLTEQP*LANKVDMVW",31,"stop",3215,2934,4176,650,491,1032,791,494,752,NA,404,126,490,314,730
"120","VLSRELKEPPQGAHFLSRSLDDALKLTEQPELANKVDMVW",31,"syn",4008,3673,5145,17110,11997,20042,30532,15150,25854,NA,24721,7962,25670,16728,38475
"121","VLSRELKEPPQGAHFLSRSLDDALKLTEQPEGLANKVDMVW",31,"ins",6649,6299,8433,10787,8103,13334,22438,11357,20819,NA,9520,3125,15019,9999,21177
"122","VLSRELKEPPQGAHFLSRSLDDALKLTEQPLANKVDMVW",31,"del",3095,2937,4162,1330,1078,1877,2131,1247,2355,NA,382,133,1473,1044,2234
"123","VLSRELKEPPQGAHFLSRSLDDALKLTEQPELGANKVDMVW",32,"ins",5723,5455,7265,1150,1014,1884,1675,1064,1566,NA,617,206,987,654,1432
"124","VLSRELKEPPQGAHFLSRSLDDALKLTEQPE*ANKVDMVW",32,"stop",1650,1600,2067,245,244,429,281,249,293,NA,178,67,187,136,322
"125","VLSRELKEPPQGAHFLSRSLDDALKLTEQPEANKVDMVW",32,"del",1449,1386,1801,166,148,313,187,141,179,NA,84,31,131,78,150
"126","VLSRELKEPPQGAHFLSRSLDDALKLTEQPELANKVDMVW",32,"syn",2994,2791,3866,11955,8416,13794,21067,10264,18068,NA,17273,5587,17739,11632,26215
"127","VLSRELKEPPQGAHFLSRSLDDALKLTEQPELANKVDMVW",33,"syn",6372,5998,8360,29984,21273,36305,53132,26994,46415,NA,44938,14497,45863,30146,68151
"128","VLSRELKEPPQGAHFLSRSLDDALKLTEQPEL*NKVDMVW",33,"stop",6682,6384,8718,1483,1256,2417,1878,1101,1684,NA,984,339,1209,735,1627
"129","VLSRELKEPPQGAHFLSRSLDDALKLTEQPELNKVDMVW",33,"del",893,815,1164,210,143,299,395,196,335,NA,62,25,194,122,277
"130","VLSRELKEPPQGAHFLSRSLDDALKLTEQPELAGNKVDMVW",33,"ins",6315,5946,8077,1276,1178,2039,1789,1217,1815,NA,709,238,1233,786,1600
"131","VLSRELKEPPQGAHFLSRSLDDALKLTEQPELANGKVDMVW",34,"ins",4788,4343,6043,924,750,1244,1165,783,1204,NA,455,141,696,484,981
"132","VLSRELKEPPQGAHFLSRSLDDALKLTEQPELANKVDMVW",34,"syn",5102,4865,6637,23016,16294,27706,40988,20511,35120,NA,33621,11001,35203,23250,52512
"133","VLSRELKEPPQGAHFLSRSLDDALKLTEQPELA*KVDMVW",34,"stop",5580,5154,7260,1082,1005,1836,1367,900,1407,NA,798,296,927,607,1288
"134","VLSRELKEPPQGAHFLSRSLDDALKLTEQPELAKVDMVW",34,"del",175,168,243,76,64,95,147,82,125,NA,17,6,72,54,118
"135","VLSRELKEPPQGAHFLSRSLDDALKLTEQPELANVDMVW",35,"del",326,327,418,317,298,412,782,348,634,NA,281,105,427,234,521
"136","VLSRELKEPPQGAHFLSRSLDDALKLTEQPELAN*VDMVW",35,"stop",4166,4014,5420,769,747,1412,1053,694,1026,NA,625,217,678,480,1021
"137","VLSRELKEPPQGAHFLSRSLDDALKLTEQPELANKGVDMVW",35,"ins",3196,2984,3988,496,400,916,815,529,697,NA,294,92,474,297,565
"138","VLSRELKEPPQGAHFLSRSLDDALKLTEQPELANKVDMVW",35,"syn",2913,2641,3819,11571,8073,14074,20115,10363,17739,NA,16991,5589,17466,11525,26427
"139","VLSRELKEPPQGAHFLSRSLDDALKLTEQPELANKDMVW",36,"del",1041,931,1333,161,132,242,191,127,171,NA,83,26,105,52,156
"140","VLSRELKEPPQGAHFLSRSLDDALKLTEQPELANKVGDMVW",36,"ins",1049,976,1418,211,189,322,408,266,396,NA,98,32,247,153,321
"141","VLSRELKEPPQGAHFLSRSLDDALKLTEQPELANK*DMVW",36,"stop",610,644,812,115,115,119,103,95,130,NA,73,20,84,72,114
"142","VLSRELKEPPQGAHFLSRSLDDALKLTEQPELANKVDMVW",36,"syn",757,701,976,2736,1851,3164,4860,2338,4113,NA,3921,1300,4121,2660,5991
"143","VLSRELKEPPQGAHFLSRSLDDALKLTEQPELANKV*MVW",37,"stop",3197,2977,4089,595,533,1013,698,499,711,NA,427,138,498,314,697
"144","VLSRELKEPPQGAHFLSRSLDDALKLTEQPELANKVMVW",37,"del",2542,2396,3343,366,321,696,418,322,486,NA,238,80,260,190,393
"145","VLSRELKEPPQGAHFLSRSLDDALKLTEQPELANKVDGMVW",37,"ins",2882,2765,3797,480,473,747,805,541,777,NA,276,105,437,313,641
"146","VLSRELKEPPQGAHFLSRSLDDALKLTEQPELANKVDMVW",37,"syn",2718,2535,3443,10838,7637,12337,18745,9564,16208,NA,15354,5015,16397,10628,23733
"147","VLSRELKEPPQGAHFLSRSLDDALKLTEQPELANKVDMGVW",38,"ins",2176,2095,2861,348,284,633,408,291,381,NA,199,65,221,150,290
"148","VLSRELKEPPQGAHFLSRSLDDALKLTEQPELANKVD*VW",38,"stop",2362,2291,3079,427,379,726,596,397,550,NA,321,130,391,266,543
"149","VLSRELKEPPQGAHFLSRSLDDALKLTEQPELANKVDVW",38,"del",2778,2536,3701,476,375,793,1443,860,1383,NA,242,75,849,558,1121
"150","VLSRELKEPPQGAHFLSRSLDDALKLTEQPELANKVDMVW",39,"syn",2406,2179,3094,9899,7269,11803,17642,9180,15204,NA,14514,4891,15404,9926,22601
"151","VLSRELKEPPQGAHFLSRSLDDALKLTEQPELANKVDMVGW",39,"ins",2743,2557,3445,390,380,682,360,389,491,NA,222,60,306,155,389
"152","VLSRELKEPPQGAHFLSRSLDDALKLTEQPELANKVDM*W",39,"stop",2874,2653,3697,565,475,862,687,478,659,NA,408,157,456,299,596
"153","VLSRELKEPPQGAHFLSRSLDDALKLTEQPELANKVDMW",39,"del",2924,2656,3827,496,380,796,525,355,433,NA,254,92,304,205,424
"154","VLSRELKEPPQGAHFLSRSLDDALKLTEQPELANKVDMVWG",40,"ins",2207,2108,2900,291,320,511,381,300,364,NA,213,65,224,142,350
"155","VLSRELKEPPQGAHFLSRSLDDALKLTEQPELANKVDMV",40,"del",2851,2449,3805,468,381,725,507,398,494,NA,280,101,302,202,416
"156","VLSRELKEPPQGAHFLSRSLDDALKLTEQPELANKVDMV*",40,"stop",2653,2453,3210,508,474,782,484,423,587,NA,348,123,385,268,601
